[
  {
    "model": "recipes.ingredient",
    "pk": 1,
    "fields": {
      "name": "Молоко",
      "unit": "pkg",
      "price_per_unit": 90.0,
      "calories_per_unit": 60
    }
  },
  {
    "model": "recipes.ingredient",
    "pk": 2,
    "fields": {
      "name": "Овсяные хлопья",
      "unit": "g",
      "price_per_unit": 50.0,
      "calories_per_unit": 380
    }
  },
  {
    "model": "recipes.ingredient",
    "pk": 3,
    "fields": {
      "name": "Банан",
      "unit": "pcs",
      "price_per_unit": 15.0,
      "calories_per_unit": 95
    }
  },
  {
    "model": "recipes.ingredient",
    "pk": 4,
    "fields": {
      "name": "Куриная грудка",
      "unit": "g",
      "price_per_unit": 120.0,
      "calories_per_unit": 165
    }
  },
  {
    "model": "recipes.ingredient",
    "pk": 5,
    "fields": {
      "name": "Оливковое масло",
      "unit": "ml",
      "price_per_unit": 500.0,
      "calories_per_unit": 884
    }
  },
  {
    "model": "recipes.ingredient",
    "pk": 6,
    "fields": {
      "name": "Рис",
      "unit": "g",
      "price_per_unit": 40.0,
      "calories_per_unit": 340
    }
  },
  {
    "model": "recipes.ingredient",
    "pk": 7,
    "fields": {
      "name": "Брокколи",
      "unit": "g",
      "price_per_unit": 60.0,
      "calories_per_unit": 34
    }
  },
  {
    "model": "recipes.ingredient",
    "pk": 8,
    "fields": {
      "name": "Яйцо",
      "unit": "pcs",
      "price_per_unit": 9.0,
      "calories_per_unit": 75
    }
  },
  {
    "model": "recipes.ingredient",
    "pk": 9,
    "fields": {
      "name": "Томаты",
      "unit": "g",
      "price_per_unit": 40.0,
      "calories_per_unit": 18
    }
  },
  {
    "model": "recipes.ingredient",
    "pk": 10,
    "fields": {
      "name": "Огурец",
      "unit": "g",
      "price_per_unit": 30.0,
      "calories_per_unit": 15
    }
  },
  {
    "model": "recipes.ingredient",
    "pk": 11,
    "fields": {
      "name": "Авокадо",
      "unit": "pcs",
      "price_per_unit": 25.0,
      "calories_per_unit": 250
    }
  },
  {
    "model": "recipes.ingredient",
    "pk": 12,
    "fields": {
      "name": "Паста",
      "unit": "g",
      "price_per_unit": 40.0,
      "calories_per_unit": 350
    }
  },
  {
    "model": "recipes.ingredient",
    "pk": 13,
    "fields": {
      "name": "Тунец (консервы)",
      "unit": "pkg",
      "price_per_unit": 180.0,
      "calories_per_unit": 200
    }
  },
  {
    "model": "recipes.ingredient",
    "pk": 14,
    "fields": {
      "name": "Картофель",
      "unit": "g",
      "price_per_unit": 20.0,
      "calories_per_unit": 77
    }
  },
  {
    "model": "recipes.ingredient",
    "pk": 15,
    "fields": {
      "name": "Сыр моцарелла",
      "unit": "g",
      "price_per_unit": 180.0,
      "calories_per_unit": 280
    }
  },
  {
    "model": "recipes.ingredient",
    "pk": 16,
    "fields": {
      "name": "Филе рыбы",
      "unit": "g",
      "price_per_unit": 150.0,
      "calories_per_unit": 120
    }
  },
  {
    "model": "recipes.ingredient",
    "pk": 17,
    "fields": {
      "name": "Фасоль красная",
      "unit": "g",
      "price_per_unit": 50.0,
      "calories_per_unit": 333
    }
  },
  {
    "model": "recipes.ingredient",
    "pk": 18,
    "fields": {
      "name": "Томатный соус",
      "unit": "g",
      "price_per_unit": 60.0,
      "calories_per_unit": 70
    }
  },
  {
    "model": "recipes.ingredient",
    "pk": 19,
    "fields": {
      "name": "Йогурт",
      "unit": "pkg",
      "price_per_unit": 60.0,
      "calories_per_unit": 63
    }
  },
  {
    "model": "recipes.ingredient",
    "pk": 20,
    "fields": {
      "name": "Шпинат",
      "unit": "g",
      "price_per_unit": 60.0,
      "calories_per_unit": 23
    }
  },
  {
    "model": "recipes.tag",
    "pk": 1,
    "fields": {
      "name": "без морепродуктов",
      "category": "allergy"
    }
  },
  {
    "model": "recipes.tag",
    "pk": 2,
    "fields": {
      "name": "без мяса",
      "category": "allergy"
    }
  },
  {
    "model": "recipes.tag",
    "pk": 3,
    "fields": {
      "name": "без зерновых",
      "category": "allergy"
    }
  },
  {
    "model": "recipes.tag",
    "pk": 4,
    "fields": {
      "name": "без продуктов пчеловодства",
      "category": "allergy"
    }
  },
  {
    "model": "recipes.tag",
    "pk": 5,
    "fields": {
      "name": "без орехов и бобовых",
      "category": "allergy"
    }
  },
  {
    "model": "recipes.tag",
    "pk": 6,
    "fields": {
      "name": "без молочных продуктов",
      "category": "allergy"
    }
  },
  {
    "model": "recipes.recipe",
    "pk": 1,
    "fields": {
      "name": "Овсянка с бананом",
      "description": "Питательный завтрак из овсянки и банана. Это блюдо готовится из свежих ингредиентов по проверенному рецепту, обеспечивает насыщенный вкус и полезные питательные вещества, отлично подходит для домашнего меню.",
      "image": "recipes_img/recipe_1.jpg",
      "tags": [
        1,
        2,
        4,
        5,
        7,
        11,
        13
      ]
    }
  },
  {
    "model": "recipes.ingredientitem",
    "pk": 1,
    "fields": {
      "recipe": 1,
      "ingredient": 2,
      "quantity": 50
    }
  },
  {
    "model": "recipes.ingredientitem",
    "pk": 2,
    "fields": {
      "recipe": 1,
      "ingredient": 1,
      "quantity": 0.2
    }
  },
  {
    "model": "recipes.ingredientitem",
    "pk": 3,
    "fields": {
      "recipe": 1,
      "ingredient": 3,
      "quantity": 1
    }
  },
  {
    "model": "recipes.recipe",
    "pk": 2,
    "fields": {
      "name": "Яичница с томатами",
      "description": "Классическая яичница с сочными томатами. Это блюдо готовится из свежих ингредиентов по проверенному рецепту, обеспечивает насыщенный вкус и полезные питательные вещества, отлично подходит для домашнего меню.",
      "image": "recipes_img/recipe_2.jpg",
      "tags": [
        1,
        2,
        3,
        4,
        5,
        6,
        8,
        11,
        12,
        13,
        14
      ]
    }
  },
  {
    "model": "recipes.ingredientitem",
    "pk": 4,
    "fields": {
      "recipe": 2,
      "ingredient": 8,
      "quantity": 3
    }
  },
  {
    "model": "recipes.ingredientitem",
    "pk": 5,
    "fields": {
      "recipe": 2,
      "ingredient": 9,
      "quantity": 100
    }
  },
  {
    "model": "recipes.ingredientitem",
    "pk": 6,
    "fields": {
      "recipe": 2,
      "ingredient": 5,
      "quantity": 10
    }
  },
  {
    "model": "recipes.recipe",
    "pk": 3,
    "fields": {
      "name": "Греческий салат",
      "description": "Свежий салат с овощами и сыром. Это блюдо готовится из свежих ингредиентов по проверенному рецепту, обеспечивает насыщенный вкус и полезные питательные вещества, отлично подходит для домашнего меню.",
      "image": "recipes_img/recipe_3.jpg",
      "tags": [
        1,
        2,
        3,
        4,
        5,
        9,
        11,
        12,
        13,
        14
      ]
    }
  },
  {
    "model": "recipes.ingredientitem",
    "pk": 7,
    "fields": {
      "recipe": 3,
      "ingredient": 10,
      "quantity": 100
    }
  },
  {
    "model": "recipes.ingredientitem",
    "pk": 8,
    "fields": {
      "recipe": 3,
      "ingredient": 9,
      "quantity": 100
    }
  },
  {
    "model": "recipes.ingredientitem",
    "pk": 9,
    "fields": {
      "recipe": 3,
      "ingredient": 15,
      "quantity": 50
    }
  },
  {
    "model": "recipes.ingredientitem",
    "pk": 10,
    "fields": {
      "recipe": 3,
      "ingredient": 5,
      "quantity": 15
    }
  },
  {
    "model": "recipes.recipe",
    "pk": 4,
    "fields": {
      "name": "Куриная грудка с рисом и брокколи",
      "description": "Полноценное блюдо для обеда. Это блюдо готовится из свежих ингредиентов по проверенному рецепту, обеспечивает насыщенный вкус и полезные питательные вещества, отлично подходит для домашнего меню.",
      "image": "recipes_img/recipe_4.jpg",
      "tags": [
        1,
        4,
        5,
        6,
        10,
        11,
        14
      ]
    }
  },
  {
    "model": "recipes.ingredientitem",
    "pk": 11,
    "fields": {
      "recipe": 4,
      "ingredient": 4,
      "quantity": 150
    }
  },
  {
    "model": "recipes.ingredientitem",
    "pk": 12,
    "fields": {
      "recipe": 4,
      "ingredient": 6,
      "quantity": 150
    }
  },
  {
    "model": "recipes.ingredientitem",
    "pk": 13,
    "fields": {
      "recipe": 4,
      "ingredient": 7,
      "quantity": 100
    }
  },
  {
    "model": "recipes.ingredientitem",
    "pk": 14,
    "fields": {
      "recipe": 4,
      "ingredient": 5,
      "quantity": 10
    }
  },
  {
    "model": "recipes.recipe",
    "pk": 5,
    "fields": {
      "name": "Паста с тунцом",
      "description": "Быстрая паста с консервированным тунцом. Это блюдо готовится из свежих ингредиентов по проверенному рецепту, обеспечивает насыщенный вкус и полезные питательные вещества, отлично подходит для домашнего меню.",
      "image": "recipes_img/recipe_5.jpg",
      "tags": [
        2,
        4,
        5,
        6,
        7,
        11
      ]
    }
  },
  {
    "model": "recipes.ingredientitem",
    "pk": 15,
    "fields": {
      "recipe": 5,
      "ingredient": 12,
      "quantity": 120
    }
  },
  {
    "model": "recipes.ingredientitem",
    "pk": 16,
    "fields": {
      "recipe": 5,
      "ingredient": 13,
      "quantity": 1.0
    }
  },
  {
    "model": "recipes.ingredientitem",
    "pk": 17,
    "fields": {
      "recipe": 5,
      "ingredient": 18,
      "quantity": 100
    }
  },
  {
    "model": "recipes.ingredientitem",
    "pk": 18,
    "fields": {
      "recipe": 5,
      "ingredient": 5,
      "quantity": 10
    }
  },
  {
    "model": "recipes.recipe",
    "pk": 6,
    "fields": {
      "name": "Запеченный картофель с сыром",
      "description": "Сытное блюдо на ужин. Это блюдо готовится из свежих ингредиентов по проверенному рецепту, обеспечивает насыщенный вкус и полезные питательные вещества, отлично подходит для домашнего меню.",
      "image": "recipes_img/recipe_6.jpg",
      "tags": [
        1,
        2,
        3,
        4,
        5,
        8,
        11,
        12,
        13,
        14
      ]
    }
  },
  {
    "model": "recipes.ingredientitem",
    "pk": 19,
    "fields": {
      "recipe": 6,
      "ingredient": 14,
      "quantity": 200
    }
  },
  {
    "model": "recipes.ingredientitem",
    "pk": 20,
    "fields": {
      "recipe": 6,
      "ingredient": 15,
      "quantity": 60
    }
  },
  {
    "model": "recipes.ingredientitem",
    "pk": 21,
    "fields": {
      "recipe": 6,
      "ingredient": 5,
      "quantity": 10
    }
  },
  {
    "model": "recipes.recipe",
    "pk": 7,
    "fields": {
      "name": "Смузи банан-молоко",
      "description": "Питательный смузи на завтрак. Это блюдо готовится из свежих ингредиентов по проверенному рецепту, обеспечивает насыщенный вкус и полезные питательные вещества, отлично подходит для домашнего меню.",
      "image": "recipes_img/recipe_7.jpg",
      "tags": [
        1,
        2,
        3,
        4,
        5,
        9,
        11,
        12,
        13
      ]
    }
  },
  {
    "model": "recipes.ingredientitem",
    "pk": 22,
    "fields": {
      "recipe": 7,
      "ingredient": 3,
      "quantity": 1
    }
  },
  {
    "model": "recipes.ingredientitem",
    "pk": 23,
    "fields": {
      "recipe": 7,
      "ingredient": 1,
      "quantity": 0.25
    }
  },
  {
    "model": "recipes.ingredientitem",
    "pk": 24,
    "fields": {
      "recipe": 7,
      "ingredient": 19,
      "quantity": 1.0
    }
  },
  {
    "model": "recipes.recipe",
    "pk": 8,
    "fields": {
      "name": "Салат с авокадо",
      "description": "Легкий салат с авокадо и овощами. Это блюдо готовится из свежих ингредиентов по проверенному рецепту, обеспечивает насыщенный вкус и полезные питательные вещества, отлично подходит для домашнего меню.",
      "image": "recipes_img/recipe_8.jpeg",
      "tags": [
        1,
        2,
        3,
        4,
        5,
        6,
        10,
        11,
        12,
        13,
        14
      ]
    }
  },
  {
    "model": "recipes.ingredientitem",
    "pk": 25,
    "fields": {
      "recipe": 8,
      "ingredient": 11,
      "quantity": 1
    }
  },
  {
    "model": "recipes.ingredientitem",
    "pk": 26,
    "fields": {
      "recipe": 8,
      "ingredient": 10,
      "quantity": 100
    }
  },
  {
    "model": "recipes.ingredientitem",
    "pk": 27,
    "fields": {
      "recipe": 8,
      "ingredient": 9,
      "quantity": 80
    }
  },
  {
    "model": "recipes.ingredientitem",
    "pk": 28,
    "fields": {
      "recipe": 8,
      "ingredient": 5,
      "quantity": 10
    }
  },
  {
    "model": "recipes.ingredientitem",
    "pk": 29,
    "fields": {
      "recipe": 8,
      "ingredient": 20,
      "quantity": 50
    }
  },
  {
    "model": "recipes.recipe",
    "pk": 9,
    "fields": {
      "name": "Рыба запеченная со шпинатом",
      "description": "Полезный ужин из рыбы. Это блюдо готовится из свежих ингредиентов по проверенному рецепту, обеспечивает насыщенный вкус и полезные питательные вещества, отлично подходит для домашнего меню.",
      "image": "recipes_img/recipe_9.jpg",
      "tags": [
        1,
        2,
        3,
        4,
        5,
        6,
        7,
        11,
        12,
        13,
        14
      ]
    }
  },
  {
    "model": "recipes.ingredientitem",
    "pk": 30,
    "fields": {
      "recipe": 9,
      "ingredient": 16,
      "quantity": 180
    }
  },
  {
    "model": "recipes.ingredientitem",
    "pk": 31,
    "fields": {
      "recipe": 9,
      "ingredient": 20,
      "quantity": 100
    }
  },
  {
    "model": "recipes.ingredientitem",
    "pk": 32,
    "fields": {
      "recipe": 9,
      "ingredient": 5,
      "quantity": 10
    }
  },
  {
    "model": "recipes.recipe",
    "pk": 10,
    "fields": {
      "name": "Буррито с фасолью",
      "description": "Мексиканский вариант ужина. Это блюдо готовится из свежих ингредиентов по проверенному рецепту, обеспечивает насыщенный вкус и полезные питательные вещества, отлично подходит для домашнего меню.",
      "image": "recipes_img/recipe_10.jpeg",
      "tags": [
        1,
        2,
        4,
        6,
        8,
        11,
        12,
        13
      ]
    }
  },
  {
    "model": "recipes.ingredientitem",
    "pk": 33,
    "fields": {
      "recipe": 10,
      "ingredient": 17,
      "quantity": 150
    }
  },
  {
    "model": "recipes.ingredientitem",
    "pk": 34,
    "fields": {
      "recipe": 10,
      "ingredient": 6,
      "quantity": 100
    }
  },
  {
    "model": "recipes.ingredientitem",
    "pk": 35,
    "fields": {
      "recipe": 10,
      "ingredient": 18,
      "quantity": 80
    }
  },
  {
    "model": "recipes.ingredientitem",
    "pk": 36,
    "fields": {
      "recipe": 10,
      "ingredient": 11,
      "quantity": 0.5
    }
  },
  {
    "model": "recipes.recipe",
    "pk": 11,
    "fields": {
      "name": "Омлет с брокколи",
      "description": "Нежный омлет с брокколи. Это блюдо готовится из свежих ингредиентов по проверенному рецепту, обеспечивает насыщенный вкус и полезные питательные вещества, отлично подходит для домашнего меню.",
      "image": "recipes_img/recipe_11.webp",
      "tags": [
        1,
        2,
        3,
        4,
        5,
        9,
        11,
        12,
        13,
        14
      ]
    }
  },
  {
    "model": "recipes.ingredientitem",
    "pk": 37,
    "fields": {
      "recipe": 11,
      "ingredient": 8,
      "quantity": 3
    }
  },
  {
    "model": "recipes.ingredientitem",
    "pk": 38,
    "fields": {
      "recipe": 11,
      "ingredient": 7,
      "quantity": 80
    }
  },
  {
    "model": "recipes.ingredientitem",
    "pk": 39,
    "fields": {
      "recipe": 11,
      "ingredient": 1,
      "quantity": 0.05
    }
  },
  {
    "model": "recipes.ingredientitem",
    "pk": 40,
    "fields": {
      "recipe": 11,
      "ingredient": 5,
      "quantity": 10
    }
  },
  {
    "model": "recipes.recipe",
    "pk": 12,
    "fields": {
      "name": "Шакшука",
      "description": "Яйца, тушенные в томатном соусе. Это блюдо готовится из свежих ингредиентов по проверенному рецепту, обеспечивает насыщенный вкус и полезные питательные вещества, отлично подходит для домашнего меню.",
      "image": "recipes_img/recipe_12.jpg",
      "tags": [
        1,
        2,
        3,
        4,
        5,
        6,
        10,
        11,
        12,
        13,
        14
      ]
    }
  },
  {
    "model": "recipes.ingredientitem",
    "pk": 41,
    "fields": {
      "recipe": 12,
      "ingredient": 8,
      "quantity": 3
    }
  },
  {
    "model": "recipes.ingredientitem",
    "pk": 42,
    "fields": {
      "recipe": 12,
      "ingredient": 9,
      "quantity": 150
    }
  },
  {
    "model": "recipes.ingredientitem",
    "pk": 43,
    "fields": {
      "recipe": 12,
      "ingredient": 5,
      "quantity": 15
    }
  },
  {
    "model": "recipes.ingredientitem",
    "pk": 44,
    "fields": {
      "recipe": 12,
      "ingredient": 20,
      "quantity": 50
    }
  },
  {
    "model": "recipes.recipe",
    "pk": 13,
    "fields": {
      "name": "Салат Цезарь",
      "description": "Упрощённая версия Цезаря. Это блюдо готовится из свежих ингредиентов по проверенному рецепту, обеспечивает насыщенный вкус и полезные питательные вещества, отлично подходит для домашнего меню.",
      "image": "recipes_img/recipe_13.webp",
      "tags": [
        1,
        3,
        4,
        5,
        7,
        11,
        12,
        14
      ]
    }
  },
  {
    "model": "recipes.ingredientitem",
    "pk": 45,
    "fields": {
      "recipe": 13,
      "ingredient": 4,
      "quantity": 100
    }
  },
  {
    "model": "recipes.ingredientitem",
    "pk": 46,
    "fields": {
      "recipe": 13,
      "ingredient": 15,
      "quantity": 30
    }
  },
  {
    "model": "recipes.ingredientitem",
    "pk": 47,
    "fields": {
      "recipe": 13,
      "ingredient": 9,
      "quantity": 80
    }
  },
  {
    "model": "recipes.ingredientitem",
    "pk": 48,
    "fields": {
      "recipe": 13,
      "ingredient": 5,
      "quantity": 10
    }
  },
  {
    "model": "recipes.ingredientitem",
    "pk": 49,
    "fields": {
      "recipe": 13,
      "ingredient": 10,
      "quantity": 50
    }
  },
  {
    "model": "recipes.recipe",
    "pk": 14,
    "fields": {
      "name": "Карри с курицей",
      "description": "Пряное карри с курицей и рисом. Это блюдо готовится из свежих ингредиентов по проверенному рецепту, обеспечивает насыщенный вкус и полезные питательные вещества, отлично подходит для домашнего меню.",
      "image": "recipes_img/recipe_14.webp",
      "tags": [
        1,
        4,
        5,
        6,
        8,
        11,
        12
      ]
    }
  },
  {
    "model": "recipes.ingredientitem",
    "pk": 50,
    "fields": {
      "recipe": 14,
      "ingredient": 4,
      "quantity": 150
    }
  },
  {
    "model": "recipes.ingredientitem",
    "pk": 51,
    "fields": {
      "recipe": 14,
      "ingredient": 6,
      "quantity": 120
    }
  },
  {
    "model": "recipes.ingredientitem",
    "pk": 52,
    "fields": {
      "recipe": 14,
      "ingredient": 18,
      "quantity": 100
    }
  },
  {
    "model": "recipes.ingredientitem",
    "pk": 53,
    "fields": {
      "recipe": 14,
      "ingredient": 5,
      "quantity": 15
    }
  },
  {
    "model": "recipes.recipe",
    "pk": 15,
    "fields": {
      "name": "Тунец салат",
      "description": "Салат с тунцом и свежими овощами. Это блюдо готовится из свежих ингредиентов по проверенному рецепту, обеспечивает насыщенный вкус и полезные питательные вещества, отлично подходит для домашнего меню.",
      "image": "recipes_img/recipe_15.webp",
      "tags": [
        2,
        3,
        4,
        5,
        6,
        9,
        11,
        12,
        13,
        14
      ]
    }
  },
  {
    "model": "recipes.ingredientitem",
    "pk": 54,
    "fields": {
      "recipe": 15,
      "ingredient": 13,
      "quantity": 1.0
    }
  },
  {
    "model": "recipes.ingredientitem",
    "pk": 55,
    "fields": {
      "recipe": 15,
      "ingredient": 10,
      "quantity": 100
    }
  },
  {
    "model": "recipes.ingredientitem",
    "pk": 56,
    "fields": {
      "recipe": 15,
      "ingredient": 9,
      "quantity": 80
    }
  },
  {
    "model": "recipes.ingredientitem",
    "pk": 57,
    "fields": {
      "recipe": 15,
      "ingredient": 5,
      "quantity": 10
    }
  },
  {
    "model": "recipes.ingredientitem",
    "pk": 58,
    "fields": {
      "recipe": 15,
      "ingredient": 20,
      "quantity": 50
    }
  },
  {
    "model": "recipes.recipe",
    "pk": 16,
    "fields": {
      "name": "Йогурт с бананом",
      "description": "Легкий десерт. Это блюдо готовится из свежих ингредиентов по проверенному рецепту, обеспечивает насыщенный вкус и полезные питательные вещества, отлично подходит для домашнего меню.",
      "image": "recipes_img/recipe_16.jpeg",
      "tags": [
        1,
        2,
        4,
        5,
        10,
        11,
        13,
        14
      ]
    }
  },
  {
    "model": "recipes.ingredientitem",
    "pk": 59,
    "fields": {
      "recipe": 16,
      "ingredient": 19,
      "quantity": 1.5
    }
  },
  {
    "model": "recipes.ingredientitem",
    "pk": 60,
    "fields": {
      "recipe": 16,
      "ingredient": 3,
      "quantity": 1
    }
  },
  {
    "model": "recipes.ingredientitem",
    "pk": 61,
    "fields": {
      "recipe": 16,
      "ingredient": 2,
      "quantity": 30
    }
  },
  {
    "model": "recipes.recipe",
    "pk": 17,
    "fields": {
      "name": "Брокколи на пару",
      "description": "Простой гарнир из брокколи. Это блюдо готовится из свежих ингредиентов по проверенному рецепту, обеспечивает насыщенный вкус и полезные питательные вещества, отлично подходит для домашнего меню.",
      "image": "recipes_img/recipe_17.jpg",
      "tags": [
        1,
        2,
        3,
        4,
        5,
        6,
        7,
        11,
        12,
        13,
        14
      ]
    }
  },
  {
    "model": "recipes.ingredientitem",
    "pk": 62,
    "fields": {
      "recipe": 17,
      "ingredient": 7,
      "quantity": 150
    }
  },
  {
    "model": "recipes.ingredientitem",
    "pk": 63,
    "fields": {
      "recipe": 17,
      "ingredient": 5,
      "quantity": 10
    }
  },
  {
    "model": "recipes.recipe",
    "pk": 18,
    "fields": {
      "name": "Печеный картофель",
      "description": "Картофель, запеченный с маслом. Это блюдо готовится из свежих ингредиентов по проверенному рецепту, обеспечивает насыщенный вкус и полезные питательные вещества, отлично подходит для домашнего меню.",
      "image": "recipes_img/recipe_18.jpg",
      "tags": [
        1,
        2,
        3,
        4,
        5,
        6,
        8,
        11,
        12,
        13,
        14
      ]
    }
  },
  {
    "model": "recipes.ingredientitem",
    "pk": 64,
    "fields": {
      "recipe": 18,
      "ingredient": 14,
      "quantity": 250
    }
  },
  {
    "model": "recipes.ingredientitem",
    "pk": 65,
    "fields": {
      "recipe": 18,
      "ingredient": 5,
      "quantity": 15
    }
  },
  {
    "model": "recipes.recipe",
    "pk": 19,
    "fields": {
      "name": "Овощной салат",
      "description": "Свежие овощи со шпинатом. Это блюдо готовится из свежих ингредиентов по проверенному рецепту, обеспечивает насыщенный вкус и полезные питательные вещества, отлично подходит для домашнего меню.",
      "image": "recipes_img/recipe_19.jpg",
      "tags": [
        1,
        2,
        3,
        4,
        5,
        6,
        9,
        11,
        12,
        13,
        14
      ]
    }
  },
  {
    "model": "recipes.ingredientitem",
    "pk": 66,
    "fields": {
      "recipe": 19,
      "ingredient": 10,
      "quantity": 100
    }
  },
  {
    "model": "recipes.ingredientitem",
    "pk": 67,
    "fields": {
      "recipe": 19,
      "ingredient": 9,
      "quantity": 100
    }
  },
  {
    "model": "recipes.ingredientitem",
    "pk": 68,
    "fields": {
      "recipe": 19,
      "ingredient": 20,
      "quantity": 70
    }
  },
  {
    "model": "recipes.ingredientitem",
    "pk": 69,
    "fields": {
      "recipe": 19,
      "ingredient": 5,
      "quantity": 10
    }
  },
  {
    "model": "recipes.recipe",
    "pk": 20,
    "fields": {
      "name": "Рис с овощами",
      "description": "Диетический рис с овощами. Это блюдо готовится из свежих ингредиентов по проверенному рецепту, обеспечивает насыщенный вкус и полезные питательные вещества, отлично подходит для домашнего меню.",
      "image": "recipes_img/recipe_20.jpeg",
      "tags": [
        1,
        2,
        4,
        5,
        6,
        10,
        11,
        13,
        14
      ]
    }
  },
  {
    "model": "recipes.ingredientitem",
    "pk": 70,
    "fields": {
      "recipe": 20,
      "ingredient": 6,
      "quantity": 150
    }
  },
  {
    "model": "recipes.ingredientitem",
    "pk": 71,
    "fields": {
      "recipe": 20,
      "ingredient": 7,
      "quantity": 100
    }
  },
  {
    "model": "recipes.ingredientitem",
    "pk": 72,
    "fields": {
      "recipe": 20,
      "ingredient": 9,
      "quantity": 80
    }
  },
  {
    "model": "recipes.ingredientitem",
    "pk": 73,
    "fields": {
      "recipe": 20,
      "ingredient": 5,
      "quantity": 10
    }
  },
  {
    "model": "recipes.recipe",
    "pk": 21,
    "fields": {
      "name": "Картофельный суп",
      "description": "Лёгкий картофельный суп с брокколи. Это блюдо готовится из свежих ингредиентов по проверенному рецепту, обеспечивает насыщенный вкус и полезные питательные вещества, отлично подходит для домашнего меню.",
      "image": "recipes_img/recipe_21.jpg",
      "tags": [
        1,
        2,
        3,
        4,
        5,
        7,
        11,
        12,
        13,
        14
      ]
    }
  },
  {
    "model": "recipes.ingredientitem",
    "pk": 74,
    "fields": {
      "recipe": 21,
      "ingredient": 14,
      "quantity": 200
    }
  },
  {
    "model": "recipes.ingredientitem",
    "pk": 75,
    "fields": {
      "recipe": 21,
      "ingredient": 7,
      "quantity": 80
    }
  },
  {
    "model": "recipes.ingredientitem",
    "pk": 76,
    "fields": {
      "recipe": 21,
      "ingredient": 1,
      "quantity": 0.1
    }
  },
  {
    "model": "recipes.ingredientitem",
    "pk": 77,
    "fields": {
      "recipe": 21,
      "ingredient": 5,
      "quantity": 10
    }
  },
  {
    "model": "recipes.recipe",
    "pk": 22,
    "fields": {
      "name": "Банановые панкейки",
      "description": "Пышные панкейки без муки. Это блюдо готовится из свежих ингредиентов по проверенному рецепту, обеспечивает насыщенный вкус и полезные питательные вещества, отлично подходит для домашнего меню.",
      "image": "recipes_img/recipe_22.jpg",
      "tags": [
        1,
        2,
        4,
        5,
        6,
        8,
        11,
        12,
        13
      ]
    }
  },
  {
    "model": "recipes.ingredientitem",
    "pk": 78,
    "fields": {
      "recipe": 22,
      "ingredient": 3,
      "quantity": 1
    }
  },
  {
    "model": "recipes.ingredientitem",
    "pk": 79,
    "fields": {
      "recipe": 22,
      "ingredient": 8,
      "quantity": 2
    }
  },
  {
    "model": "recipes.ingredientitem",
    "pk": 80,
    "fields": {
      "recipe": 22,
      "ingredient": 2,
      "quantity": 40
    }
  },
  {
    "model": "recipes.recipe",
    "pk": 23,
    "fields": {
      "name": "Рис с тунцом и брокколи",
      "description": "Полезное блюдо с морепродуктами. Это блюдо готовится из свежих ингредиентов по проверенному рецепту, обеспечивает насыщенный вкус и полезные питательные вещества, отлично подходит для домашнего меню.",
      "image": "recipes_img/recipe_23.jpeg",
      "tags": [
        2,
        4,
        5,
        6,
        9,
        11,
        13
      ]
    }
  },
  {
    "model": "recipes.ingredientitem",
    "pk": 81,
    "fields": {
      "recipe": 23,
      "ingredient": 6,
      "quantity": 140
    }
  },
  {
    "model": "recipes.ingredientitem",
    "pk": 82,
    "fields": {
      "recipe": 23,
      "ingredient": 13,
      "quantity": 1.0
    }
  },
  {
    "model": "recipes.ingredientitem",
    "pk": 83,
    "fields": {
      "recipe": 23,
      "ingredient": 7,
      "quantity": 100
    }
  },
  {
    "model": "recipes.ingredientitem",
    "pk": 84,
    "fields": {
      "recipe": 23,
      "ingredient": 5,
      "quantity": 10
    }
  },
  {
    "model": "recipes.recipe",
    "pk": 24,
    "fields": {
      "name": "Крем-суп из брокколи",
      "description": "Нежный суп-пюре из брокколи. Это блюдо готовится из свежих ингредиентов по проверенному рецепту, обеспечивает насыщенный вкус и полезные питательные вещества, отлично подходит для домашнего меню.",
      "image": "recipes_img/recipe_24.jpg",
      "tags": [
        1,
        2,
        3,
        4,
        5,
        10,
        11,
        12,
        13,
        14
      ]
    }
  },
  {
    "model": "recipes.ingredientitem",
    "pk": 85,
    "fields": {
      "recipe": 24,
      "ingredient": 7,
      "quantity": 200
    }
  },
  {
    "model": "recipes.ingredientitem",
    "pk": 86,
    "fields": {
      "recipe": 24,
      "ingredient": 1,
      "quantity": 0.12
    }
  },
  {
    "model": "recipes.ingredientitem",
    "pk": 87,
    "fields": {
      "recipe": 24,
      "ingredient": 5,
      "quantity": 10
    }
  },
  {
    "model": "recipes.recipe",
    "pk": 25,
    "fields": {
      "name": "Салат из шпината и авокадо",
      "description": "Свежий салат для ужина. Это блюдо готовится из свежих ингредиентов по проверенному рецепту, обеспечивает насыщенный вкус и полезные питательные вещества, отлично подходит для домашнего меню.",
      "image": "recipes_img/recipe_25.jpeg",
      "tags": [
        1,
        2,
        3,
        4,
        5,
        6,
        7,
        11,
        12,
        13,
        14
      ]
    }
  },
  {
    "model": "recipes.ingredientitem",
    "pk": 88,
    "fields": {
      "recipe": 25,
      "ingredient": 20,
      "quantity": 80
    }
  },
  {
    "model": "recipes.ingredientitem",
    "pk": 89,
    "fields": {
      "recipe": 25,
      "ingredient": 11,
      "quantity": 1
    }
  },
  {
    "model": "recipes.ingredientitem",
    "pk": 90,
    "fields": {
      "recipe": 25,
      "ingredient": 10,
      "quantity": 100
    }
  },
  {
    "model": "recipes.ingredientitem",
    "pk": 91,
    "fields": {
      "recipe": 25,
      "ingredient": 5,
      "quantity": 10
    }
  },
  {
    "model": "recipes.ingredient",
    "pk": 21,
    "fields": {
      "name": "Греческий йогурт",
      "unit": "pkg",
      "price_per_unit": 80.0,
      "calories_per_unit": 59
    }
  },
  {
    "model": "recipes.ingredient",
    "pk": 22,
    "fields": {
      "name": "Кокосовое молоко",
      "unit": "pkg",
      "price_per_unit": 220.0,
      "calories_per_unit": 230
    }
  },
  {
    "model": "recipes.ingredient",
    "pk": 23,
    "fields": {
      "name": "Миндальная мука",
      "unit": "g",
      "price_per_unit": 700.0,
      "calories_per_unit": 570
    }
  },
  {
    "model": "recipes.ingredient",
    "pk": 24,
    "fields": {
      "name": "Кето‑хлеб",
      "unit": "pkg",
      "price_per_unit": 350.0,
      "calories_per_unit": 250
    }
  },
  {
    "model": "recipes.ingredient",
    "pk": 25,
    "fields": {
      "name": "Цветная капуста",
      "unit": "g",
      "price_per_unit": 50.0,
      "calories_per_unit": 25
    }
  },
  {
    "model": "recipes.ingredient",
    "pk": 26,
    "fields": {
      "name": "Тофу",
      "unit": "pkg",
      "price_per_unit": 120.0,
      "calories_per_unit": 76
    }
  },
  {
    "model": "recipes.ingredient",
    "pk": 27,
    "fields": {
      "name": "Зеленый салат",
      "unit": "g",
      "price_per_unit": 40.0,
      "calories_per_unit": 16
    }
  },
  {
    "model": "recipes.ingredient",
    "pk": 28,
    "fields": {
      "name": "Бекон",
      "unit": "g",
      "price_per_unit": 900.0,
      "calories_per_unit": 540
    }
  },
  {
    "model": "recipes.ingredient",
    "pk": 29,
    "fields": {
      "name": "Кокосовое масло",
      "unit": "ml",
      "price_per_unit": 600.0,
      "calories_per_unit": 862
    }
  },
  {
    "model": "recipes.ingredient",
    "pk": 30,
    "fields": {
      "name": "Кешью",
      "unit": "g",
      "price_per_unit": 900.0,
      "calories_per_unit": 553
    }
  },
  {
    "model": "recipes.tag",
    "pk": 7,
    "fields": {
      "name": "завтрак",
      "category": "food_intake"
    }
  },
  {
    "model": "recipes.tag",
    "pk": 8,
    "fields": {
      "name": "обед",
      "category": "food_intake"
    }
  },
  {
    "model": "recipes.tag",
    "pk": 9,
    "fields": {
      "name": "ужин",
      "category": "food_intake"
    }
  },
  {
    "model": "recipes.tag",
    "pk": 10,
    "fields": {
      "name": "десерт",
      "category": "food_intake"
    }
  },
  {
    "model": "recipes.tag",
    "pk": 11,
    "fields": {
      "name": "классическое",
      "category": "menu_type"
    }
  },
  {
    "model": "recipes.tag",
    "pk": 12,
    "fields": {
      "name": "низкоуглеводное",
      "category": "menu_type"
    }
  },
  {
    "model": "recipes.tag",
    "pk": 13,
    "fields": {
      "name": "вегетарианское",
      "category": "menu_type"
    }
  },
  {
    "model": "recipes.tag",
    "pk": 14,
    "fields": {
      "name": "кето",
      "category": "menu_type"
    }
  },
  {
    "model": "recipes.ingredient",
    "pk": 31,
    "fields": {
      "name": "Тыква",
      "unit": "g",
      "price_per_unit": 45.0,
      "calories_per_unit": 26
    }
  },
  {
    "model": "recipes.ingredient",
    "pk": 32,
    "fields": {
      "name": "Морковь",
      "unit": "g",
      "price_per_unit": 30.0,
      "calories_per_unit": 41
    }
  },
  {
    "model": "recipes.ingredient",
    "pk": 33,
    "fields": {
      "name": "Семена чиа",
      "unit": "g",
      "price_per_unit": 700.0,
      "calories_per_unit": 486
    }
  },
  {
    "model": "recipes.ingredient",
    "pk": 34,
    "fields": {
      "name": "Мёд",
      "unit": "g",
      "price_per_unit": 600.0,
      "calories_per_unit": 304
    }
  },
  {
    "model": "recipes.recipe",
    "pk": 46,
    "fields": {
      "name": "Кето‑блинчики на миндальной муке",
      "description": "Воздушные блинчики из миндальной муки и кокосового молока — отличный вариант низкоуглеводного завтрака.",
      "image": "recipes_img/recipe_26.jpg",
      "tags": [
        1,
        2,
        3,
        4,
        7,
        11,
        12,
        13,
        14
      ]
    }
  },
  {
    "model": "recipes.ingredientitem",
    "pk": 172,
    "fields": {
      "recipe": 46,
      "ingredient": 23,
      "quantity": 40
    }
  },
  {
    "model": "recipes.ingredientitem",
    "pk": 173,
    "fields": {
      "recipe": 46,
      "ingredient": 8,
      "quantity": 2
    }
  },
  {
    "model": "recipes.ingredientitem",
    "pk": 174,
    "fields": {
      "recipe": 46,
      "ingredient": 22,
      "quantity": 0.5
    }
  },
  {
    "model": "recipes.ingredientitem",
    "pk": 175,
    "fields": {
      "recipe": 46,
      "ingredient": 29,
      "quantity": 15
    }
  },
  {
    "model": "recipes.recipe",
    "pk": 47,
    "fields": {
      "name": "Чиа‑пудинг с кокосовым молоком",
      "description": "Нежный пудинг без сахара, настоянный на семенах чиа и кокосовом молоке, украшенный ломтиками банана и ложкой мёда.",
      "image": "recipes_img/recipe_27.webp",
      "tags": [
        1,
        2,
        3,
        4,
        5,
        6,
        10,
        11,
        12,
        13
      ]
    }
  },
  {
    "model": "recipes.recipe",
    "pk": 48,
    "fields": {
      "name": "Кето‑блинчики на миндальной муке",
      "description": "Воздушные блинчики из миндальной муки и кокосового молока — отличный вариант низкоуглеводного завтрака.",
      "image": "recipes_img/recipe_28.jpg",
      "tags": [
        1,
        2,
        3,
        4,
        7,
        11,
        12,
        13,
        14
      ]
    }
  },
  {
    "model": "recipes.ingredientitem",
    "pk": 176,
    "fields": {
      "recipe": 48,
      "ingredient": 23,
      "quantity": 40
    }
  },
  {
    "model": "recipes.ingredientitem",
    "pk": 177,
    "fields": {
      "recipe": 48,
      "ingredient": 8,
      "quantity": 2
    }
  },
  {
    "model": "recipes.ingredientitem",
    "pk": 178,
    "fields": {
      "recipe": 48,
      "ingredient": 22,
      "quantity": 0.5
    }
  },
  {
    "model": "recipes.ingredientitem",
    "pk": 179,
    "fields": {
      "recipe": 48,
      "ingredient": 29,
      "quantity": 15
    }
  },
  {
    "model": "recipes.recipe",
    "pk": 49,
    "fields": {
      "name": "Чиа‑пудинг с кокосовым молоком",
      "description": "Нежный пудинг без сахара, настоянный на семенах чиа и кокосовом молоке, украшенный ломтиками банана и ложкой мёда.",
      "image": "recipes_img/recipe_29.jpg",
      "tags": [
        1,
        2,
        3,
        5,
        10,
        11,
        12,
        13,
        14
      ]
    }
  },
  {
    "model": "recipes.ingredientitem",
    "pk": 180,
    "fields": {
      "recipe": 49,
      "ingredient": 33,
      "quantity": 30
    }
  },
  {
    "model": "recipes.ingredientitem",
    "pk": 181,
    "fields": {
      "recipe": 49,
      "ingredient": 21,
      "quantity": 1
    }
  },
  {
    "model": "recipes.ingredientitem",
    "pk": 182,
    "fields": {
      "recipe": 49,
      "ingredient": 22,
      "quantity": 0.5
    }
  },
  {
    "model": "recipes.ingredientitem",
    "pk": 183,
    "fields": {
      "recipe": 49,
      "ingredient": 3,
      "quantity": 1
    }
  },
  {
    "model": "recipes.ingredientitem",
    "pk": 184,
    "fields": {
      "recipe": 49,
      "ingredient": 34,
      "quantity": 20
    }
  },
  {
    "model": "recipes.recipe",
    "pk": 50,
    "fields": {
      "name": "Тыквенный крем‑суп",
      "description": "Бархатистый суп‑пюре из запечённой тыквы и моркови на кокосовом молоке.",
      "image": "recipes_img/recipe_30.webp",
      "tags": [
        1,
        2,
        3,
        4,
        5,
        8,
        11,
        12,
        13,
        14
      ]
    }
  },
  {
    "model": "recipes.ingredientitem",
    "pk": 185,
    "fields": {
      "recipe": 50,
      "ingredient": 31,
      "quantity": 300
    }
  },
  {
    "model": "recipes.ingredientitem",
    "pk": 186,
    "fields": {
      "recipe": 50,
      "ingredient": 32,
      "quantity": 100
    }
  },
  {
    "model": "recipes.ingredientitem",
    "pk": 187,
    "fields": {
      "recipe": 50,
      "ingredient": 22,
      "quantity": 0.5
    }
  },
  {
    "model": "recipes.ingredientitem",
    "pk": 188,
    "fields": {
      "recipe": 50,
      "ingredient": 5,
      "quantity": 10
    }
  },
  {
    "model": "recipes.recipe",
    "pk": 51,
    "fields": {
      "name": "Кето‑бургер с беконом и авокадо",
      "description": "Сочный бургер без булки: кето‑хлеб, хрустящий бекон, кремовое авокадо и яйцо пашот.",
      "image": "recipes_img/recipe_31.webp",
      "tags": [
        1,
        4,
        5,
        6,
        9,
        11,
        12,
        14
      ]
    }
  },
  {
    "model": "recipes.ingredientitem",
    "pk": 189,
    "fields": {
      "recipe": 51,
      "ingredient": 28,
      "quantity": 80
    }
  },
  {
    "model": "recipes.ingredientitem",
    "pk": 190,
    "fields": {
      "recipe": 51,
      "ingredient": 24,
      "quantity": 1
    }
  },
  {
    "model": "recipes.ingredientitem",
    "pk": 191,
    "fields": {
      "recipe": 51,
      "ingredient": 11,
      "quantity": 1
    }
  },
  {
    "model": "recipes.ingredientitem",
    "pk": 192,
    "fields": {
      "recipe": 51,
      "ingredient": 8,
      "quantity": 1
    }
  },
  {
    "model": "recipes.ingredientitem",
    "pk": 193,
    "fields": {
      "recipe": 51,
      "ingredient": 9,
      "quantity": 50
    }
  },
  {
    "model": "recipes.recipe",
    "pk": 52,
    "fields": {
      "name": "Салат «Нисуаз»",
      "description": "Классический французский салат с консервированным тунцом, яйцом и свежими овощами.",
      "image": "recipes_img/recipe_32.jpg",
      "tags": [
        2,
        3,
        4,
        5,
        6,
        8,
        11,
        12,
        14
      ]
    }
  },
  {
    "model": "recipes.ingredientitem",
    "pk": 194,
    "fields": {
      "recipe": 52,
      "ingredient": 13,
      "quantity": 1
    }
  },
  {
    "model": "recipes.ingredientitem",
    "pk": 195,
    "fields": {
      "recipe": 52,
      "ingredient": 8,
      "quantity": 2
    }
  },
  {
    "model": "recipes.ingredientitem",
    "pk": 196,
    "fields": {
      "recipe": 52,
      "ingredient": 10,
      "quantity": 100
    }
  },
  {
    "model": "recipes.ingredientitem",
    "pk": 197,
    "fields": {
      "recipe": 52,
      "ingredient": 9,
      "quantity": 100
    }
  },
  {
    "model": "recipes.ingredientitem",
    "pk": 198,
    "fields": {
      "recipe": 52,
      "ingredient": 5,
      "quantity": 10
    }
  },
  {
    "model": "recipes.ingredientitem",
    "pk": 199,
    "fields": {
      "recipe": 52,
      "ingredient": 27,
      "quantity": 50
    }
  },
  {
    "model": "recipes.recipe",
    "pk": 53,
    "fields": {
      "name": "Лосось со шпинатом",
      "description": "Филе лосося, запечённое со сливочным соусом из кокосового молока и свежего шпината.",
      "image": "recipes_img/recipe_33.webp",
      "tags": [
        1,
        2,
        3,
        4,
        5,
        6,
        9,
        11,
        12,
        13,
        14
      ]
    }
  },
  {
    "model": "recipes.ingredientitem",
    "pk": 200,
    "fields": {
      "recipe": 53,
      "ingredient": 16,
      "quantity": 180
    }
  },
  {
    "model": "recipes.ingredientitem",
    "pk": 201,
    "fields": {
      "recipe": 53,
      "ingredient": 20,
      "quantity": 100
    }
  },
  {
    "model": "recipes.ingredientitem",
    "pk": 202,
    "fields": {
      "recipe": 53,
      "ingredient": 5,
      "quantity": 10
    }
  },
  {
    "model": "recipes.recipe",
    "pk": 54,
    "fields": {
      "name": "Рис из цветной капусты с курицей",
      "description": "Низкоуглеводная альтернатива плову: измельчённая цветная капуста обжаривается с куриной грудкой и специями.",
      "image": "recipes_img/recipe_34.jpg",
      "tags": [
        1,
        3,
        4,
        5,
        6,
        8,
        11,
        12,
        14
      ]
    }
  },
  {
    "model": "recipes.ingredientitem",
    "pk": 203,
    "fields": {
      "recipe": 54,
      "ingredient": 25,
      "quantity": 200
    }
  },
  {
    "model": "recipes.ingredientitem",
    "pk": 204,
    "fields": {
      "recipe": 54,
      "ingredient": 4,
      "quantity": 150
    }
  },
  {
    "model": "recipes.ingredientitem",
    "pk": 205,
    "fields": {
      "recipe": 54,
      "ingredient": 5,
      "quantity": 10
    }
  },
  {
    "model": "recipes.ingredientitem",
    "pk": 206,
    "fields": {
      "recipe": 54,
      "ingredient": 7,
      "quantity": 80
    }
  },
  {
    "model": "recipes.recipe",
    "pk": 55,
    "fields": {
      "name": "Тофу‑стир‑фрай с брокколи",
      "description": "Постное азиатское блюдо: тофу, брокколи и овощи, быстро обжаренные в кокосовом масле.",
      "image": "recipes_img/recipe_35.jpeg",
      "tags": [
        1,
        2,
        3,
        4,
        5,
        6,
        9,
        11,
        12,
        13,
        14
      ]
    }
  },
  {
    "model": "recipes.ingredientitem",
    "pk": 207,
    "fields": {
      "recipe": 55,
      "ingredient": 26,
      "quantity": 1
    }
  },
  {
    "model": "recipes.ingredientitem",
    "pk": 208,
    "fields": {
      "recipe": 55,
      "ingredient": 7,
      "quantity": 120
    }
  },
  {
    "model": "recipes.ingredientitem",
    "pk": 209,
    "fields": {
      "recipe": 55,
      "ingredient": 29,
      "quantity": 15
    }
  },
  {
    "model": "recipes.ingredientitem",
    "pk": 210,
    "fields": {
      "recipe": 55,
      "ingredient": 32,
      "quantity": 50
    }
  },
  {
    "model": "recipes.ingredientitem",
    "pk": 211,
    "fields": {
      "recipe": 55,
      "ingredient": 25,
      "quantity": 50
    }
  },
  {
    "model": "recipes.recipe",
    "pk": 56,
    "fields": {
      "name": "Йогурт с мёдом и кешью",
      "description": "Сливочный греческий йогурт с хрустящими орехами кешью и натуральным мёдом.",
      "image": "recipes_img/recipe_36.jpeg",
      "tags": [
        1,
        2,
        3,
        10,
        11,
        12,
        13,
        14
      ]
    }
  },
  {
    "model": "recipes.ingredientitem",
    "pk": 212,
    "fields": {
      "recipe": 56,
      "ingredient": 21,
      "quantity": 1
    }
  },
  {
    "model": "recipes.ingredientitem",
    "pk": 213,
    "fields": {
      "recipe": 56,
      "ingredient": 30,
      "quantity": 30
    }
  },
  {
    "model": "recipes.ingredientitem",
    "pk": 214,
    "fields": {
      "recipe": 56,
      "ingredient": 34,
      "quantity": 15
    }
  },
  {
    "model": "recipes.ingredientitem",
    "pk": 215,
    "fields": {
      "recipe": 56,
      "ingredient": 3,
      "quantity": 0.5
    }
  },
  {
    "model": "recipes.recipe",
    "pk": 57,
    "fields": {
      "name": "Кокосовый смузи",
      "description": "Освежающий утренний смузи на кокосовом молоке с бананом и шпинатом.",
      "image": "recipes_img/recipe_37.jpeg",
      "tags": [
        1,
        2,
        3,
        4,
        5,
        7,
        11,
        12,
        13,
        14
      ]
    }
  },
  {
    "model": "recipes.ingredientitem",
    "pk": 216,
    "fields": {
      "recipe": 57,
      "ingredient": 22,
      "quantity": 0.5
    }
  },
  {
    "model": "recipes.ingredientitem",
    "pk": 217,
    "fields": {
      "recipe": 57,
      "ingredient": 3,
      "quantity": 1
    }
  },
  {
    "model": "recipes.ingredientitem",
    "pk": 218,
    "fields": {
      "recipe": 57,
      "ingredient": 19,
      "quantity": 1
    }
  },
  {
    "model": "recipes.ingredientitem",
    "pk": 219,
    "fields": {
      "recipe": 57,
      "ingredient": 29,
      "quantity": 10
    }
  },
  {
    "model": "recipes.ingredientitem",
    "pk": 220,
    "fields": {
      "recipe": 57,
      "ingredient": 20,
      "quantity": 30
    }
  }
]